{
  "a=1.0_b=0.5": {
    "pearson": 0.9882214796403962,
    "spearman": 0.9999984999624993,
    "slope": 0.9734489331685381,
    "intercept": 2.7099492525430335,
    "r2": 0.9765816928226542,
    "slope_asym": 0.9192105876865634,
    "intercept_asym": 2.3021819317771706,
    "r2_asym": 0.9887004839137272,
    "num_resonances": 1,
    "resonance_energies": [
      9.850753768844221
    ],
    "resonance_info": [
      {
        "Eres": 9.850753768844221,
        "counts": {
          "0.0001": 0,
          "1e-06": 0,
          "1e-08": 0
        },
        "svals": [
          0.11556495910347783,
          0.6325905660621809,
          0.9459060451908566,
          1.3326126158938443,
          1.424876888672754,
          1.667132037726599,
          1.8397530751025393,
          2.2316594861938825
        ]
      }
    ]
  },
  "a=1.0_b=1.0": {
    "pearson": 0.8137691050532614,
    "spearman": 0.7747723693092328,
    "slope": 0.36276497972628796,
    "intercept": -0.2646694057586627,
    "r2": 0.6622201563391859,
    "slope_asym": 0.37246679744591027,
    "intercept_asym": -0.13436288601055252,
    "r2_asym": 0.3075386748436537,
    "num_resonances": 1,
    "resonance_energies": [
      2.4638190954773873
    ],
    "resonance_info": [
      {
        "Eres": 2.4638190954773873,
        "counts": {
          "0.0001": 1,
          "1e-06": 0,
          "1e-08": 0
        },
        "svals": [
          9.900659196533169e-05,
          0.00026964214305942054,
          0.005035714222141278,
          0.07400290432165839,
          0.7095490726986279,
          1.7880232699179426,
          2.0000028325431067,
          2.226857259728151
        ]
      }
    ]
  },
  "a=1.0_b=2.0": {
    "pearson": 0.8155214261688963,
    "spearman": 0.8475301882547065,
    "slope": 0.37223366463842544,
    "intercept": 0.46399281022532635,
    "r2": 0.6650751965405506,
    "slope_asym": 0.43689221814241297,
    "intercept_asym": 1.0958796021303532,
    "r2_asym": 0.3590212454244345,
    "num_resonances": 1,
    "resonance_energies": [
      5.566331658291458
    ],
    "resonance_info": [
      {
        "Eres": 5.566331658291458,
        "counts": {
          "0.0001": 1,
          "1e-06": 0,
          "1e-08": 0
        },
        "svals": [
          0.00012145887061727558,
          0.0003026788013989583,
          0.002679644130799566,
          0.1834586861500372,
          0.909483519809665,
          1.9377015834680595,
          2.000000933577995,
          2.2460757637272093
        ]
      }
    ]
  },
  "a=1.0_b=4.0": {
    "pearson": 0.8335539071292111,
    "spearman": 0.8535888397209932,
    "slope": 0.27971616278222927,
    "intercept": 0.7382819974079801,
    "r2": 0.6948121160903731,
    "slope_asym": 0.1685912985997602,
    "intercept_asym": -0.970284854518723,
    "r2_asym": 0.18670897383461382,
    "num_resonances": 2,
    "resonance_energies": [
      3.8427135678391964,
      7.536180904522613
    ],
    "resonance_info": [
      {
        "Eres": 3.8427135678391964,
        "counts": {
          "0.0001": 3,
          "1e-06": 2,
          "1e-08": 0
        },
        "svals": [
          1.662784332731946e-07,
          4.000873992657035e-07,
          5.256862454600088e-06,
          0.10671305133460825,
          0.8039494771781521,
          1.889499129455899,
          2.0000000000034173,
          2.2456777755256168
        ]
      },
      {
        "Eres": 7.536180904522613,
        "counts": {
          "0.0001": 2,
          "1e-06": 0,
          "1e-08": 0
        },
        "svals": [
          4.1629112271648864e-05,
          0.00014227178285765277,
          0.0007921919008842155,
          0.41208910577724084,
          1.0413531251587527,
          1.7061561006617838,
          2.000000081707166,
          2.200909622549361
        ]
      }
    ]
  },
  "a=2.0_b=0.5": {
    "pearson": 0.9956156547258137,
    "spearman": 0.9999984999624993,
    "slope": 1.063982436400136,
    "intercept": 3.5684343634814844,
    "r2": 0.9912505319351106,
    "slope_asym": 1.0818560675532845,
    "intercept_asym": 3.7465519800469296,
    "r2_asym": 0.9932308257418365,
    "num_resonances": 1,
    "resonance_energies": [
      9.850753768844221
    ],
    "resonance_info": [
      {
        "Eres": 9.850753768844221,
        "counts": {
          "0.0001": 0,
          "1e-06": 0,
          "1e-08": 0
        },
        "svals": [
          0.07890780860076091,
          0.6936530083750563,
          0.8433367766113175,
          1.3919761352756188,
          1.4237651344797397,
          1.5640896728964264,
          1.8246955746456723,
          2.13951670079539
        ]
      }
    ]
  },
  "a=2.0_b=1.0": {
    "pearson": 0.954584658477366,
    "spearman": 0.9403030075751895,
    "slope": 0.5824329531862121,
    "intercept": -0.4501648752582697,
    "r2": 0.9112318702003493,
    "slope_asym": 0.546175503666196,
    "intercept_asym": -0.872493342545792,
    "r2_asym": 0.8629991599255581,
    "num_resonances": 0,
    "resonance_energies": [],
    "resonance_info": []
  },
  "a=2.0_b=2.0": {
    "pearson": 0.9409119999298502,
    "spearman": 0.949894247356184,
    "slope": 0.5694674740707765,
    "intercept": 0.4694592282725933,
    "r2": 0.88531539161199,
    "slope_asym": 0.5786146156716252,
    "intercept_asym": 0.5964027686619644,
    "r2_asym": 0.8320687445773258,
    "num_resonances": 0,
    "resonance_energies": [],
    "resonance_info": []
  },
  "a=2.0_b=4.0": {
    "pearson": 0.9424239650292119,
    "spearman": 0.9493587339683494,
    "slope": 0.45884584386455246,
    "intercept": 0.8699140068864949,
    "r2": 0.8881629298613816,
    "slope_asym": 0.4759517965136593,
    "intercept_asym": 1.177847532256622,
    "r2_asym": 0.8426377044733653,
    "num_resonances": 0,
    "resonance_energies": [],
    "resonance_info": []
  },
  "a=3.0_b=0.5": {
    "pearson": 0.9979082391601114,
    "spearman": 0.9999984999624993,
    "slope": 1.071462863609274,
    "intercept": 3.953859551142766,
    "r2": 0.9958208537836343,
    "slope_asym": 1.0820481867916851,
    "intercept_asym": 4.105578401564413,
    "r2_asym": 0.9962228396935096,
    "num_resonances": 1,
    "resonance_energies": [
      9.850753768844221
    ],
    "resonance_info": [
      {
        "Eres": 9.850753768844221,
        "counts": {
          "0.0001": 0,
          "1e-06": 0,
          "1e-08": 0
        },
        "svals": [
          0.04230099976400844,
          0.5252432435063566,
          0.7382868189216152,
          1.3563674064551865,
          1.4202969058131507,
          1.5127533766468788,
          1.9328058947860904,
          2.1203275630573577
        ]
      }
    ]
  },
  "a=3.0_b=1.0": {
    "pearson": 0.9818182313170527,
    "spearman": 0.9764224105602641,
    "slope": 0.6890169688590259,
    "intercept": -0.5555551935214601,
    "r2": 0.9639670393465457,
    "slope_asym": 0.6757983391361598,
    "intercept_asym": -0.7629027266368499,
    "r2_asym": 0.9577322601705949,
    "num_resonances": 0,
    "resonance_energies": [],
    "resonance_info": []
  },
  "a=3.0_b=2.0": {
    "pearson": 0.9724785603636111,
    "spearman": 0.9771754293857349,
    "slope": 0.6716184894400533,
    "intercept": 0.4479071653755848,
    "r2": 0.9457145503668815,
    "slope_asym": 0.6729382567155546,
    "intercept_asym": 0.471473358339161,
    "r2_asym": 0.93505954839251,
    "num_resonances": 0,
    "resonance_energies": [],
    "resonance_info": []
  },
  "a=3.0_b=4.0": {
    "pearson": 0.9722849045269261,
    "spearman": 0.9737868446711169,
    "slope": 0.5639948213517867,
    "intercept": 0.8760944282693539,
    "r2": 0.9453379355709338,
    "slope_asym": 0.5695297539600659,
    "intercept_asym": 0.9971922204693588,
    "r2_asym": 0.9356365223571619,
    "num_resonances": 0,
    "resonance_energies": [],
    "resonance_info": []
  },
  "a=5.0_b=0.5": {
    "pearson": 0.9990936932528592,
    "spearman": 1.0,
    "slope": 1.0605627445944377,